date,NROU
1993-01,5.552
1993-04,5.533
1993-07,5.513
1993-10,5.493
1994-01,5.473
1994-04,5.453
1994-07,5.434
1994-10,5.414
1995-01,5.395
1995-04,5.376
1995-07,5.357
1995-10,5.338
1996-01,5.321
1996-04,5.303
1996-07,5.286
1996-10,5.270
1997-01,5.254
1997-04,5.239
1997-07,5.225
1997-10,5.212
1998-01,5.199
1998-04,5.186
1998-07,5.175
1998-10,5.164
1999-01,5.154
1999-04,5.144
1999-07,5.135
1999-10,5.126
2000-01,5.118
2000-04,5.111
2000-07,5.104
2000-10,5.097
2001-01,5.091
2001-04,5.085
2001-07,5.080
2001-10,5.075
2002-01,5.070
2002-04,5.066
2002-07,5.062
2002-10,5.058
2003-01,5.055
2003-04,5.052
2003-07,5.049
2003-10,5.047
2004-01,5.045
2004-04,5.043
2004-07,5.042
2004-10,5.041
2005-01,5.040
2005-04,5.040
2005-07,5.040
2005-10,5.040
2006-01,5.041
2006-04,5.042
2006-07,5.043
2006-10,5.044
2007-01,5.045
2007-04,5.046
2007-07,5.047
2007-10,5.048
2008-01,5.049
2008-04,5.049
2008-07,5.049
2008-10,5.049
2009-01,5.048
2009-04,5.046
2009-07,5.044
2009-10,5.041
2010-01,5.037
2010-04,5.032
2010-07,5.026
2010-10,5.019
2011-01,5.010
2011-04,5.001
2011-07,4.991
2011-10,4.979
2012-01,4.966
2012-04,4.952
2012-07,4.937
2012-10,4.921
2013-01,4.904
2013-04,4.886
2013-07,4.868
2013-10,4.849
2014-01,4.829
2014-04,4.808
2014-07,4.788
2014-10,4.767
2015-01,4.746
2015-04,4.725
2015-07,4.704
2015-10,4.684
2016-01,4.664
2016-04,4.644
2016-07,4.626
2016-10,4.608
2017-01,4.590
2017-04,4.574
2017-07,4.559
2017-10,4.545
2018-01,4.531
2018-04,4.519
2018-07,4.508
2018-10,4.498
2019-01,4.490
2019-04,4.482
2019-07,4.475
2019-10,4.469
2020-01,4.463
2020-04,4.459
2020-07,4.455
2020-10,4.452
2021-01,4.453
2021-04,4.450
2021-07,4.447
2021-10,4.444
2022-01,4.442
2022-04,4.440
2022-07,4.439
2022-10,4.437
2023-01,4.435
2023-04,4.434
2023-07,4.431
2023-10,4.429
2024-01,4.426
2024-04,4.422
2024-07,4.418
2024-10,4.414
2025-01,4.409
2025-04,4.407
2025-07,4.404
2025-10,4.402
2026-01,4.399
2026-04,4.396
2026-07,4.392
2026-10,4.388
