date,FEDFUNDS,UNRATE,CPIAUCSL,CPILFESL,PCEPILFE
1993-01,3.02,7.3,142.800,150.100,65.432
1993-02,3.03,7.1,143.100,150.600,65.557
1993-03,3.07,7.0,143.300,150.800,65.700
1993-04,2.96,7.1,143.800,151.400,65.891
1993-05,3.00,7.1,144.200,151.800,66.114
1993-06,3.04,7.0,144.300,152.100,66.177
1993-07,3.06,6.9,144.500,152.300,66.314
1993-08,3.03,6.8,144.800,152.800,66.438
1993-09,3.09,6.7,145.000,152.900,66.538
1993-10,2.99,6.8,145.600,153.400,66.647
1993-11,3.02,6.6,146.000,153.900,66.819
1993-12,2.96,6.5,146.300,154.300,66.849
1994-01,3.05,6.6,146.300,154.500,66.902
1994-02,3.25,6.6,146.700,154.800,67.047
1994-03,3.34,6.5,147.100,155.300,67.275
1994-04,3.56,6.4,147.200,155.500,67.376
1994-05,4.01,6.1,147.500,155.900,67.526
1994-06,4.25,6.1,147.900,156.400,67.676
1994-07,4.26,6.1,148.400,156.700,67.818
1994-08,4.47,6.0,149.000,157.100,67.894
1994-09,4.73,5.9,149.300,157.500,67.997
1994-10,4.76,5.8,149.400,157.800,68.157
1994-11,5.29,5.6,149.800,158.200,68.282
1994-12,5.45,5.5,150.100,158.300,68.305
1995-01,5.53,5.6,150.500,159.000,68.475
1995-02,5.92,5.4,150.900,159.400,68.587
1995-03,5.98,5.4,151.200,159.900,68.755
1995-04,6.05,5.8,151.800,160.400,68.915
1995-05,6.01,5.6,152.100,160.700,69.032
1995-06,6.00,5.6,152.400,161.100,69.092
1995-07,5.85,5.7,152.600,161.400,69.201
1995-08,5.74,5.7,152.900,161.800,69.367
1995-09,5.80,5.6,153.100,162.200,69.458
1995-10,5.76,5.5,153.500,162.700,69.627
1995-11,5.80,5.6,153.700,163.000,69.672
1995-12,5.60,5.6,153.900,163.100,69.770
1996-01,5.56,5.6,154.700,163.700,69.849
1996-02,5.22,5.5,155.000,164.000,69.940
1996-03,5.31,5.5,155.500,164.400,70.102
1996-04,5.22,5.6,156.100,164.600,70.197
1996-05,5.24,5.6,156.400,165.000,70.319
1996-06,5.27,5.3,156.700,165.400,70.373
1996-07,5.40,5.5,157.000,165.700,70.505
1996-08,5.22,5.1,157.200,166.000,70.566
1996-09,5.30,5.2,157.700,166.500,70.780
1996-10,5.24,5.2,158.200,166.800,70.948
1996-11,5.31,5.4,158.700,167.200,71.041
1996-12,5.29,5.4,159.100,167.400,71.068
1997-01,5.25,5.3,159.400,167.800,71.144
1997-02,5.19,5.2,159.700,168.100,71.290
1997-03,5.39,5.2,159.800,168.400,71.460
1997-04,5.51,5.1,159.900,168.900,71.600
1997-05,5.50,4.9,159.900,169.200,71.652
1997-06,5.56,5.0,160.200,169.400,71.758
1997-07,5.52,4.9,160.400,169.700,71.807
1997-08,5.54,4.8,160.800,169.800,71.778
1997-09,5.54,4.9,161.200,170.200,71.927
1997-10,5.50,4.7,161.500,170.600,72.036
1997-11,5.52,4.6,161.700,170.800,72.058
1997-12,5.50,4.7,161.800,171.200,72.100
1998-01,5.56,4.6,162.000,171.600,72.210
1998-02,5.51,4.6,162.000,171.900,72.272
1998-03,5.49,4.7,162.000,172.200,72.349
1998-04,5.45,4.3,162.200,172.500,72.482
1998-05,5.49,4.4,162.600,172.900,72.552
1998-06,5.56,4.5,162.800,173.200,72.461
1998-07,5.54,4.5,163.200,173.500,72.665
1998-08,5.55,4.5,163.400,174.000,72.807
1998-09,5.51,4.6,163.500,174.200,72.795
1998-10,5.07,4.5,163.900,174.400,72.937
1998-11,4.83,4.4,164.100,174.800,72.950
1998-12,4.68,4.4,164.400,175.400,73.076
1999-01,4.63,4.3,164.700,175.600,73.180
1999-02,4.76,4.4,164.700,175.600,73.155
1999-03,4.81,4.2,164.800,175.700,73.177
1999-04,4.74,4.3,165.900,176.300,73.365
1999-05,4.74,4.2,166.000,176.500,73.435
1999-06,4.76,4.3,166.000,176.600,73.474
1999-07,4.99,4.3,166.700,177.100,73.606
1999-08,5.07,4.2,167.100,177.300,73.642
1999-09,5.22,4.2,167.800,177.800,73.837
1999-10,5.20,4.1,168.100,178.100,73.963
1999-11,5.42,4.1,168.400,178.400,74.034
1999-12,5.30,4.0,168.800,178.700,74.128
2000-01,5.45,4.0,169.300,179.300,74.306
2000-02,5.73,4.1,170.000,179.400,74.415
2000-03,5.85,4.0,171.000,180.000,74.568
2000-04,6.02,3.8,170.900,180.300,74.617
2000-05,6.27,4.0,171.200,180.700,74.697
2000-06,6.53,4.0,172.200,181.100,74.754
2000-07,6.54,4.0,172.700,181.500,74.925
2000-08,6.50,4.1,172.700,181.900,75.021
2000-09,6.52,3.9,173.600,182.300,75.203
2000-10,6.51,3.9,173.900,182.600,75.308
2000-11,6.51,3.9,174.200,183.100,75.441
2000-12,6.40,3.9,174.600,183.300,75.515
2001-01,5.98,4.2,175.600,183.900,75.796
2001-02,5.49,4.2,176.000,184.400,75.930
2001-03,5.31,4.3,176.100,184.700,76.009
2001-04,4.80,4.4,176.400,185.100,76.130
2001-05,4.21,4.3,177.300,185.300,76.148
2001-06,3.97,4.5,177.700,186.000,76.318
2001-07,3.77,4.6,177.400,186.400,76.515
2001-08,3.65,4.9,177.400,186.700,76.553
2001-09,3.07,5.0,178.100,187.100,76.118
2001-10,2.49,5.3,177.600,187.400,76.654
2001-11,2.09,5.5,177.500,188.100,76.810
2001-12,1.82,5.7,177.400,188.400,76.828
2002-01,1.73,5.7,177.700,188.700,76.871
2002-02,1.74,5.7,178.000,189.100,77.018
2002-03,1.73,5.7,178.500,189.200,77.110
2002-04,1.75,5.9,179.300,189.700,77.325
2002-05,1.75,5.8,179.500,190.000,77.411
2002-06,1.75,5.8,179.600,190.200,77.534
2002-07,1.73,5.8,180.000,190.500,77.692
2002-08,1.74,5.7,180.500,191.100,77.845
2002-09,1.75,5.7,180.800,191.300,77.972
2002-10,1.75,5.7,181.200,191.500,78.038
2002-11,1.34,5.9,181.500,191.900,78.114
2002-12,1.24,6.0,181.800,192.100,78.187
2003-01,1.24,5.8,182.600,192.400,78.240
2003-02,1.26,5.9,183.600,192.500,78.348
2003-03,1.25,5.9,183.900,192.500,78.474
2003-04,1.26,6.0,183.200,192.500,78.561
2003-05,1.26,6.1,182.900,192.900,78.674
2003-06,1.22,6.3,183.100,193.000,78.718
2003-07,1.01,6.2,183.700,193.400,78.915
2003-08,1.03,6.1,184.500,193.600,79.004
2003-09,1.01,6.1,185.100,193.700,79.114
2003-10,1.01,6.0,184.900,194.000,79.260
2003-11,1.00,5.8,185.000,194.000,79.368
2003-12,0.98,5.7,185.500,194.200,79.467
2004-01,1.00,5.7,186.300,194.600,79.671
2004-02,1.01,5.6,186.700,194.900,79.800
2004-03,1.00,5.8,187.100,195.500,79.934
2004-04,1.00,5.6,187.400,195.900,80.142
2004-05,1.00,5.6,188.200,196.200,80.252
2004-06,1.03,5.6,188.900,196.600,80.379
2004-07,1.26,5.5,189.100,196.800,80.474
2004-08,1.43,5.4,189.200,196.900,80.505
2004-09,1.61,5.4,189.800,197.500,80.656
2004-10,1.76,5.5,190.800,197.900,80.831
2004-11,1.93,5.4,191.700,198.300,81.005
2004-12,2.16,5.4,191.700,198.600,81.109
2005-01,2.28,5.3,191.600,199.000,81.401
2005-02,2.50,5.4,192.400,199.400,81.536
2005-03,2.63,5.2,193.100,200.100,81.737
2005-04,2.79,5.2,193.700,200.200,81.831
2005-05,3.00,5.1,193.600,200.500,81.999
2005-06,3.04,5.0,193.700,200.600,82.056
2005-07,3.26,5.0,194.900,200.900,82.176
2005-08,3.50,4.9,196.100,201.100,82.243
2005-09,3.62,5.0,198.800,201.300,82.425
2005-10,3.78,5.0,199.100,202.000,82.662
2005-11,4.00,5.0,198.100,202.500,82.873
2005-12,4.16,4.9,198.100,202.800,82.959
2006-01,4.29,4.7,199.300,203.200,83.145
2006-02,4.49,4.8,199.400,203.600,83.279
2006-03,4.59,4.7,199.700,204.300,83.509
2006-04,4.79,4.7,200.700,204.800,83.764
2006-05,4.94,4.6,201.300,205.400,83.974
2006-06,4.99,4.6,201.800,205.900,84.186
2006-07,5.24,4.7,202.900,206.300,84.268
2006-08,5.25,4.7,203.800,206.800,84.440
2006-09,5.25,4.5,202.800,207.200,84.573
2006-10,5.25,4.4,201.900,207.600,84.726
2006-11,5.25,4.5,202.000,207.800,84.766
2006-12,5.24,4.4,203.100,208.100,84.880
2007-01,5.25,4.6,203.437,208.600,85.224
2007-02,5.26,4.5,204.226,209.135,85.408
2007-03,5.26,4.4,205.288,209.418,85.494
2007-04,5.25,4.5,205.904,209.747,85.616
2007-05,5.25,4.4,206.755,210.058,85.717
2007-06,5.25,4.6,207.234,210.392,85.859
2007-07,5.26,4.7,207.603,210.773,85.988
2007-08,5.02,4.6,207.667,211.119,86.116
2007-09,4.94,4.7,208.547,211.554,86.351
2007-10,4.76,4.7,209.190,212.077,86.576
2007-11,4.49,4.7,210.834,212.660,86.746
2007-12,4.24,5.0,211.445,213.168,86.920
2008-01,3.94,5.0,212.174,213.771,87.093
2008-02,2.98,4.9,212.687,213.939,87.178
2008-03,2.61,5.1,213.448,214.420,87.349
2008-04,2.28,5.0,213.942,214.560,87.400
2008-05,1.98,5.4,215.208,214.936,87.559
2008-06,2.00,5.6,217.463,215.424,87.760
2008-07,2.01,5.8,219.016,215.965,87.918
2008-08,2.00,6.1,218.690,216.393,88.026
2008-09,1.81,6.1,218.877,216.713,88.116
2008-10,0.97,6.5,216.995,216.788,87.991
2008-11,0.39,6.8,213.153,216.947,87.952
2008-12,0.16,7.3,211.398,216.925,87.909
2009-01,0.15,7.8,211.933,217.346,87.882
2009-02,0.22,8.3,212.705,217.792,87.952
2009-03,0.18,8.7,212.495,218.253,88.015
2009-04,0.15,9.0,212.709,218.706,88.211
2009-05,0.18,9.4,213.022,218.904,88.279
2009-06,0.21,9.5,214.790,219.112,88.392
2009-07,0.16,9.5,214.726,219.263,88.468
2009-08,0.16,9.6,215.445,219.496,88.599
2009-09,0.15,9.8,215.861,219.920,88.755
2009-10,0.12,10.0,216.509,220.501,89.082
2009-11,0.12,9.9,217.234,220.666,89.160
2009-12,0.12,9.9,217.347,220.881,89.236
2010-01,0.11,9.8,217.488,220.633,89.368
2010-02,0.13,9.8,217.281,220.731,89.446
2010-03,0.16,9.9,217.353,220.783,89.579
2010-04,0.20,9.9,217.403,220.822,89.625
2010-05,0.20,9.6,217.290,220.962,89.724
2010-06,0.18,9.4,217.199,221.194,89.767
2010-07,0.18,9.4,217.605,221.363,89.769
2010-08,0.19,9.5,217.923,221.509,89.855
2010-09,0.19,9.5,218.275,221.711,89.906
2010-10,0.19,9.4,219.035,221.830,90.043
2010-11,0.19,9.8,219.590,222.149,90.160
2010-12,0.18,9.3,220.472,222.343,90.179
2011-01,0.17,9.1,221.187,222.803,90.372
2011-02,0.16,9.0,221.898,223.213,90.530
2011-03,0.14,9.0,223.046,223.454,90.667
2011-04,0.10,9.1,224.093,223.727,90.875
2011-05,0.09,9.0,224.806,224.175,91.091
2011-06,0.09,9.1,224.806,224.697,91.191
2011-07,0.07,9.0,225.395,225.218,91.326
2011-08,0.10,9.0,226.106,225.862,91.508
2011-09,0.08,9.0,226.597,226.118,91.570
2011-10,0.07,8.8,226.750,226.506,91.614
2011-11,0.08,8.6,227.169,226.899,91.808
2011-12,0.07,8.5,227.223,227.405,91.960
2012-01,0.08,8.3,227.842,227.877,92.235
2012-02,0.10,8.3,228.329,228.034,92.364
2012-03,0.13,8.2,228.807,228.478,92.521
2012-04,0.14,8.2,229.187,228.905,92.661
2012-05,0.16,8.2,228.713,229.224,92.755
2012-06,0.16,8.2,228.524,229.623,92.850
2012-07,0.16,8.2,228.590,229.970,92.946
2012-08,0.13,8.1,229.918,230.233,93.005
2012-09,0.14,7.8,231.015,230.659,93.119
2012-10,0.16,7.8,231.638,231.024,93.345
2012-11,0.16,7.7,231.249,231.330,93.445
2012-12,0.16,7.9,231.221,231.725,93.514
2013-01,0.14,8.0,231.679,232.229,93.703
2013-02,0.15,7.7,232.937,232.569,93.805
2013-03,0.14,7.5,232.282,232.794,93.891
2013-04,0.15,7.6,231.797,232.832,93.937
2013-05,0.11,7.5,231.893,232.996,94.047
2013-06,0.09,7.5,232.445,233.350,94.209
2013-07,0.09,7.3,232.900,233.880,94.329
2013-08,0.08,7.2,233.456,234.336,94.431
2013-09,0.08,7.2,233.544,234.700,94.543
2013-10,0.09,7.2,233.669,234.921,94.703
2013-11,0.08,6.9,234.100,235.359,94.860
2013-12,0.09,6.7,234.719,235.759,94.961
2014-01,0.07,6.6,235.288,235.961,95.064
2014-02,0.07,6.7,235.547,236.185,95.109
2014-03,0.08,6.7,236.028,236.625,95.250
2014-04,0.09,6.2,236.468,237.072,95.413
2014-05,0.09,6.3,236.918,237.529,95.574
2014-06,0.10,6.1,237.231,237.837,95.682
2014-07,0.09,6.2,237.498,238.195,95.848
2014-08,0.09,6.1,237.460,238.405,95.885
2014-09,0.09,5.9,237.477,238.786,96.013
2014-10,0.09,5.7,237.430,239.191,96.096
2014-11,0.09,5.8,236.983,239.458,96.181
2014-12,0.12,5.6,236.252,239.584,96.249
2015-01,0.11,5.7,234.747,239.811,96.214
2015-02,0.11,5.5,235.342,240.172,96.324
2015-03,0.11,5.4,235.976,240.755,96.470
2015-04,0.12,5.4,236.222,241.346,96.648
2015-05,0.12,5.6,237.001,241.688,96.766
2015-06,0.13,5.3,237.657,242.064,96.882
2015-07,0.13,5.2,238.034,242.565,96.978
2015-08,0.14,5.1,238.033,242.817,97.056
2015-09,0.14,5.0,237.498,243.316,97.196
2015-10,0.12,5.0,237.733,243.768,97.228
2015-11,0.12,5.1,238.017,244.241,97.332
2015-12,0.24,5.0,237.761,244.547,97.396
2016-01,0.34,4.8,237.652,244.955,97.567
2016-02,0.38,4.9,237.336,245.510,97.736
2016-03,0.36,5.0,238.080,245.913,97.876
2016-04,0.37,5.1,238.992,246.551,98.117
2016-05,0.37,4.8,239.557,247.137,98.284
2016-06,0.38,4.9,240.222,247.540,98.386
2016-07,0.39,4.8,240.101,247.829,98.529
2016-08,0.40,4.9,240.545,248.423,98.703
2016-09,0.40,5.0,241.176,248.842,98.834
2016-10,0.40,4.9,241.741,249.142,98.961
2016-11,0.41,4.7,242.026,249.481,99.005
2016-12,0.54,4.7,242.637,249.920,99.120
2017-01,0.65,4.7,243.618,250.467,99.385
2017-02,0.66,4.6,244.006,250.998,99.561
2017-03,0.79,4.4,243.892,250.944,99.519
2017-04,0.90,4.4,244.193,251.227,99.723
2017-05,0.91,4.4,244.004,251.430,99.803
2017-06,1.04,4.3,244.163,251.746,99.937
2017-07,1.15,4.3,244.243,251.985,100.010
2017-08,1.16,4.4,245.183,252.535,100.118
2017-09,1.15,4.3,246.435,252.812,100.240
2017-10,1.15,4.2,246.626,253.526,100.486
2017-11,1.16,4.2,247.284,253.816,100.535
2017-12,1.30,4.1,247.805,254.344,100.683
2018-01,1.41,4.0,248.859,255.204,101.007
2018-02,1.42,4.1,249.529,255.711,101.198
2018-03,1.51,4.0,249.577,256.271,101.419
2018-04,1.69,4.0,250.227,256.630,101.602
2018-05,1.70,3.8,250.792,257.145,101.780
2018-06,1.82,4.0,251.018,257.399,101.872
2018-07,1.91,3.8,251.214,257.699,102.006
2018-08,1.91,3.8,251.663,257.891,102.016
2018-09,1.95,3.7,252.182,258.368,102.205
2018-10,2.19,3.8,252.772,258.917,102.366
2018-11,2.20,3.8,252.594,259.439,102.556
2018-12,2.27,3.9,252.767,260.063,102.735
2019-01,2.40,4.0,252.561,260.766,102.870
2019-02,2.40,3.8,253.319,261.186,102.963
2019-03,2.41,3.8,254.277,261.567,103.058
2019-04,2.42,3.7,255.233,261.997,103.265
2019-05,2.39,3.6,255.296,262.217,103.371
2019-06,2.38,3.6,255.213,262.739,103.560
2019-07,2.40,3.7,255.802,263.280,103.678
2019-08,2.13,3.6,256.036,263.877,103.797
2019-09,2.04,3.5,256.430,264.388,103.873
2019-10,1.83,3.6,257.155,264.970,104.028
2019-11,1.55,3.6,257.879,265.548,104.092
2019-12,1.55,3.6,258.630,266.020,104.322
2020-01,1.55,3.6,259.127,266.716,104.507
2020-02,1.58,3.5,259.250,267.370,104.711
2020-03,0.65,4.4,258.076,267.054,104.632
2020-04,0.05,14.8,256.032,265.746,104.293
2020-05,0.05,13.2,255.802,265.412,104.402
2020-06,0.08,11.0,257.042,265.849,104.565
2020-07,0.09,10.2,258.352,267.389,104.937
2020-08,0.10,8.4,259.316,268.422,105.243
2020-09,0.09,7.8,259.997,268.933,105.410
2020-10,0.09,6.9,260.319,269.306,105.507
2020-11,0.09,6.7,260.911,269.981,105.605
2020-12,0.09,6.7,262.045,270.341,105.896
2021-01,0.09,6.4,262.687,270.387,106.281
2021-02,0.08,6.2,263.579,270.793,106.501
2021-03,0.07,6.1,264.961,271.459,106.933
2021-04,0.07,6.1,266.614,273.660,107.558
2021-05,0.06,5.8,268.383,275.465,108.099
2021-06,0.08,5.9,270.654,277.651,108.603
2021-07,0.10,5.4,271.903,278.648,109.058
2021-08,0.09,5.1,272.676,278.997,109.409
2021-09,0.08,4.7,273.910,279.698,109.641
2021-10,0.08,4.5,276.550,281.668,110.188
2021-11,0.08,4.1,278.919,283.406,110.770
2021-12,0.08,3.9,280.845,285.180,111.418
2022-01,0.08,4.0,282.543,286.757,111.976
2022-02,0.08,3.9,284.500,288.273,112.468
2022-03,0.20,3.7,287.674,289.056,112.914
2022-04,0.33,3.7,288.561,290.514,113.307
2022-05,0.77,3.6,291.298,292.063,113.703
2022-06,1.21,3.6,294.957,294.050,114.376
2022-07,1.68,3.5,294.913,295.088,114.628
2022-08,2.33,3.6,295.097,296.535,115.276
2022-09,2.56,3.5,296.349,298.226,115.788
2022-10,3.08,3.6,298.007,299.399,116.204
2022-11,3.78,3.6,298.786,300.325,116.539
2022-12,4.10,3.5,298.832,301.394,116.952
2023-01,4.33,3.5,300.420,302.642,117.505
2023-02,4.57,3.6,301.450,304.123,117.929
2023-03,4.65,3.5,301.821,305.147,118.315
2023-04,4.83,3.4,302.845,306.534,118.734
2023-05,5.06,3.6,303.334,307.652,119.083
2023-06,5.08,3.6,304.014,308.322,119.390
2023-07,5.12,3.5,304.609,308.960,119.556
2023-08,5.33,3.7,306.082,309.580,119.689
2023-09,5.33,3.7,307.276,310.539,120.058
2023-10,5.33,3.9,307.696,311.457,120.241
2023-11,5.33,3.7,308.148,312.392,120.374
2023-12,5.33,3.8,308.741,313.195,120.592
2024-01,5.33,3.7,309.698,314.319,121.217
2024-02,5.33,3.9,310.967,315.564,121.537
2024-03,5.33,3.9,312.345,316.792,122.009
2024-04,5.33,3.9,313.023,317.649,122.304
2024-05,5.33,3.9,313.175,318.095,122.383
2024-06,5.33,4.1,313.044,318.390,122.677
2024-07,5.33,4.2,313.569,318.940,122.911
2024-08,5.33,4.2,314.062,319.750,123.128
2024-09,5.13,4.1,314.732,320.732,123.466
2024-10,4.83,4.1,315.631,321.731,123.832
2024-11,4.64,4.2,316.528,322.657,123.962
2024-12,4.48,4.1,317.604,323.259,124.196
2025-01,4.33,4.0,318.961,324.638,124.587
2025-02,4.33,4.2,319.679,325.465,125.145
2025-03,4.33,4.2,319.785,325.690,125.267
2025-04,4.33,4.2,320.302,326.467,125.502
2025-05,4.33,4.3,320.620,326.893,125.790
2025-06,4.33,4.1,321.435,327.658,126.121
2025-07,4.33,4.3,322.169,328.682,126.430
2025-08,4.33,4.3,323.291,329.700,126.714
2025-09,4.22,4.4,324.245,330.418,126.954
2025-10,4.09,,,,127.243
2025-11,3.88,4.5,325.063,331.043,127.469
2025-12,3.72,4.4,326.031,331.814,127.886
2026-01,3.64,4.3,326.588,332.793,128.455
2026-02,3.64,4.4,327.460,333.512,128.961
2026-03,3.64,4.3,330.293,334.165,129.343
2026-04,3.64,4.3,332.407,335.423,129.681
2026-05,3.63,4.3,333.979,336.121,130.147
2026-06,3.63,4.2,332.568,336.065,130.338
2026-07,3.63,4.1,332.813,336.789,130.658
2026-08,3.63,4.1,334.131,337.765,
